{  
   "w.pound":{  
      "w.ounce":16,
      "v.pint":0.95861142,
      "v.brpint":0.79820935,
      "v.floz":15.337783,
      "v.brfloz":15.964187,
      "v.cup":1.9172228,
      "v.tablespoon":30.675565,
      "v.dessertspoon":46.013348,
      "v.teaspoon":92.026696,
      "w.kg":0.45359237,
      "w.gram":453.59237,
      "v.liter":0.45359237,
      "v.deciliter":4.5359237,
      "v.milliliter":453.59237,
      "v.mcup":1.8899682,
      "v.mtablespoon":30.239491,
      "v.mdessertspoon":45.359237,
      "v.mteaspoon":90.718474,
      "v.autablespoon":22.679619,
      "v.audessertspoon":45.359237,
      "v.auteaspoon":90.718474
   },
   "w.ounce":{  
      "w.pound":0.0625,
      "v.pint":0.059913214,
      "v.brpint":0.049888084,
      "v.floz":0.95861142,
      "v.brfloz":0.99776169,
      "v.cup":0.11982643,
      "v.tablespoon":1.9172228,
      "v.dessertspoon":2.8758343,
      "v.teaspoon":5.7516685,
      "w.kg":0.028349523,
      "w.gram":28.349523,
      "v.liter":0.028349523,
      "v.deciliter":0.28349523,
      "v.milliliter":28.349523,
      "v.mcup":0.11812301,
      "v.mtablespoon":1.8899682,
      "v.mdessertspoon":2.8349523,
      "v.mteaspoon":5.6699046,
      "v.autablespoon":1.4174762,
      "v.audessertspoon":2.8349523,
      "v.auteaspoon":5.6699046
   },
   "v.pint":{  
      "w.pound":1.0431755549083694,
      "w.ounce":16.690808808888136,
      "v.brpint":0.83267248,
      "v.floz":16,
      "v.brfloz":16.65345,
      "v.cup":2,
      "v.tablespoon":32,
      "v.dessertspoon":48,
      "v.teaspoon":96,
      "w.kg":0.47317647,
      "w.gram":473.17647,
      "v.liter":0.47317647,
      "v.deciliter":4.7317647,
      "v.milliliter":473.17647,
      "v.mcup":1.9715686,
      "v.mtablespoon":31.545098,
      "v.mdessertspoon":47.317647,
      "v.mteaspoon":94.635295,
      "v.autablespoon":23.658824,
      "v.audessertspoon":47.317647,
      "v.auteaspoon":94.635295
   },
   "v.brpint":{  
      "w.pound":1.2528041672275574,
      "w.ounce":20.044866826314678,
      "v.pint":1.2009523840634195,
      "v.floz":19.215238,
      "v.brfloz":20,
      "v.cup":2.4019048,
      "v.tablespoon":38.430476,
      "v.dessertspoon":57.645596,
      "v.teaspoon":115.29143,
      "w.kg":0.56826241,
      "w.gram":568.26241,
      "v.liter":0.56826241,
      "v.deciliter":5.6826125,
      "v.milliliter":568.26241,
      "v.mcup":2.36776,
      "v.mtablespoon":37.884161,
      "v.mdessertspoon":56.826125,
      "v.mteaspoon":113.65248,
      "v.autablespoon":28.413062,
      "v.audessertspoon":56.826125,
      "v.auteaspoon":113.65225
   },
   "v.floz":{  
      "w.pound":0.0651984709915377,
      "w.ounce":1.0431755549083694,
      "v.pint":0.0625,
      "v.brpint":0.052042030392753916,
      "v.brfloz":1.0408406,
      "v.cup":0.125,
      "v.tablespoon":2,
      "v.dessertspoon":3,
      "v.teaspoon":6,
      "w.kg":0.02957353,
      "w.gram":29.57353,
      "v.liter":0.02957353,
      "v.deciliter":0.2957353,
      "v.milliliter":29.57353,
      "v.mcup":0.12322304,
      "v.mtablespoon":1.9715686,
      "v.mdessertspoon":2.957353,
      "v.mteaspoon":5.9147059,
      "v.autablespoon":1.4786765,
      "v.audessertspoon":2.957353,
      "v.auteaspoon":5.9147059
   },
   "v.brfloz":{  
      "w.pound":0.06264020836137787,
      "w.ounce":1.0022433312708168,
      "v.pint":0.06004761776088438,
      "v.brpint":0.05,
      "v.floz":0.9607619072507357,
      "v.cup":0.12009524,
      "v.tablespoon":1.9215238,
      "v.dessertspoon":2.8822798,
      "v.teaspoon":5.7645714,
      "w.kg":0.028413121,
      "w.gram":28.413121,
      "v.liter":0.028413121,
      "v.deciliter":0.28413063,
      "v.milliliter":28.413121,
      "v.mcup":0.118388,
      "v.mtablespoon":1.894208,
      "v.mdessertspoon":2.8413062,
      "v.mteaspoon":5.6826241,
      "v.autablespoon":1.4206531,
      "v.audessertspoon":2.8413062,
      "v.auteaspoon":5.6826125
   },
   "v.cup":{  
      "w.pound":0.5215877883363373,
      "w.ounce":8.34540426515252,
      "v.pint":0.5,
      "v.brpint":0.41633623447523815,
      "v.floz":8,
      "v.brfloz":8.326724689504763,
      "v.tablespoon":16,
      "v.dessertspoon":24,
      "v.teaspoon":48,
      "w.kg":0.23658824,
      "w.gram":236.58824,
      "v.liter":0.23658824,
      "v.deciliter":2.3658824,
      "v.milliliter":236.58824,
      "v.mcup":0.98578432,
      "v.mtablespoon":15.772549,
      "v.mdessertspoon":23.658824,
      "v.mteaspoon":47.317647,
      "v.autablespoon":11.829412,
      "v.audessertspoon":23.658824,
      "v.auteaspoon":47.317647
   },
   "v.tablespoon":{  
      "w.pound":0.03259923655847904,
      "w.ounce":0.5215877883363373,
      "v.pint":0.03125,
      "v.brpint":0.026021015196376958,
      "v.floz":0.5,
      "v.brfloz":0.5204203039275392,
      "v.cup":0.0625,
      "v.dessertspoon":1.5,
      "v.teaspoon":3,
      "w.kg":0.014786765,
      "w.gram":14.786765,
      "v.liter":0.014786765,
      "v.deciliter":0.14786765,
      "v.milliliter":14.786765,
      "v.mcup":0.06161152,
      "v.mtablespoon":0.98578432,
      "v.mdessertspoon":1.4786765,
      "v.mteaspoon":2.957353,
      "v.autablespoon":0.73933824,
      "v.audessertspoon":1.4786765,
      "v.auteaspoon":2.957353
   },
   "v.dessertspoon":{  
      "w.pound":0.02173282413616153,
      "w.ounce":0.34772518013294434,
      "v.pint":0.020833333333333332,
      "v.brpint":0.017347378974102375,
      "v.floz":0.3333333333333333,
      "v.brfloz":0.3469475794820475,
      "v.cup":0.041666666666666664,
      "v.tablespoon":0.6666666666666666,
      "v.teaspoon":2,
      "w.kg":0.0098578432,
      "w.gram":9.8578432,
      "v.liter":0.0098578432,
      "v.deciliter":0.098578432,
      "v.milliliter":9.8578432,
      "v.mcup":0.041074347,
      "v.mtablespoon":0.65718955,
      "v.mdessertspoon":0.98578432,
      "v.mteaspoon":1.9715686,
      "v.autablespoon":0.49289216,
      "v.audessertspoon":0.98578432,
      "v.auteaspoon":1.9715686
   },
   "v.teaspoon":{  
      "w.pound":0.010866412068080766,
      "w.ounce":0.17386259308929225,
      "v.pint":0.010416666666666666,
      "v.brpint":0.008673671581660493,
      "v.floz":0.16666666666666666,
      "v.brfloz":0.17347343464251305,
      "v.cup":0.020833333333333332,
      "v.tablespoon":0.3333333333333333,
      "v.dessertspoon":0.5,
      "w.kg":0.0049289216,
      "w.gram":4.9289216,
      "v.liter":0.0049289216,
      "v.deciliter":0.049289216,
      "v.milliliter":4.9289216,
      "v.mcup":0.020537173,
      "v.mtablespoon":0.32859477,
      "v.mdessertspoon":0.49289216,
      "v.mteaspoon":0.98578432,
      "v.autablespoon":0.24644608,
      "v.audessertspoon":0.49289216,
      "v.auteaspoon":0.98578432
   },
   "w.kg":{  
      "w.pound":2.2046226218487757,
      "w.ounce":35.27396210511196,
      "v.pint":2.113376432264267,
      "v.brpint":1.7597503941884878,
      "v.floz":33.8140222016107,
      "v.brfloz":35.19500726442548,
      "v.cup":4.226752775201337,
      "v.tablespoon":67.6280444032214,
      "v.dessertspoon":101.44206797689782,
      "v.teaspoon":202.88413595379564,
      "w.gram":1000,
      "v.liter":1,
      "v.deciliter":10,
      "v.milliliter":1000,
      "v.mcup":4.1666667,
      "v.mtablespoon":66.666667,
      "v.mdessertspoon":100,
      "v.mteaspoon":200,
      "v.autablespoon":50,
      "v.audessertspoon":100,
      "v.auteaspoon":200
   },
   "w.gram":{  
      "w.pound":0.002204622621848776,
      "w.ounce":0.03527396210511196,
      "v.pint":0.002113376432264267,
      "v.brpint":0.0017597503941884874,
      "v.floz":0.03381402220161069,
      "v.brfloz":0.035195007264425475,
      "v.cup":0.004226752775201337,
      "v.tablespoon":0.06762804440322139,
      "v.dessertspoon":0.10144206797689784,
      "v.teaspoon":0.20288413595379567,
      "w.kg":0.001,
      "v.liter":0.001,
      "v.deciliter":0.01,
      "v.milliliter":1,
      "v.mcup":0.0041666667,
      "v.mtablespoon":0.066666667,
      "v.mdessertspoon":0.1,
      "v.mteaspoon":0.2,